GameKey,GameName,MainGenre,SubGenre
red-dead-redemption-2,Red Dead Redemption 2,Adventure,Action
god-of-war-2,God of War,Adventure,Action
marvels-spider-man,Marvel's Spider-Man,Adventure,Action
detroit-become-human,Detroit: Become Human,Adventure,Action
monster-hunter-world-2,Monster Hunter: World,Action,RPG
far-cry-5,Far Cry 5,Shooter,Action
assassins-creed-odyssey,Assassin's Creed Odyssey,Action,RPG
shadow-of-the-tomb-raider,Shadow of the Tomb Raider,Adventure,Action
hitman-2,Hitman 2,Action,none
kingdom-come-deliverance,Kingdom Come: Deliverance,Adventure,Action
dead-cells,Dead Cells,Platformer,Indie
rust,Rust,Shooter,Action
subnautica,Subnautica,Indie,Adventure
celeste,Celeste,Platformer,Indie
the-awesome-adventures-of-capitan-spirit,The Awesome Adventures of Captain Spirit,Adventure,none
among-us,Among Us,Casual,Action
dark-souls8482-remastered,Dark Souls: Remastered,Action,none
forza-horizon-4,Forza Horizon 4,Racing,Massively Multiplayer
a-way-out-2018,A Way Out,Indie,Adventure
vampyr,Vampyr,Action,RPG
frostpunk,Frostpunk,Strategy,Simulation
gris,Gris,Indie,Platformer
the-forest,The Forest,Indie,Adventure
warhammer-vermintide-2,Warhammer: Vermintide 2,Indie,Action
gwent-the-witcher-card-game,Gwent: The Witcher Card Game,Card,Strategy
totally-accurate-battlegrounds,Totally Accurate Battlegrounds,Shooter,Indie
sea-of-thieves,Sea of Thieves,Adventure,Action
aegis-defenders,Aegis Defenders,Adventure,Action
red-faction-guerilla-re-mars-tered,Red Faction Guerrilla Re-Mars-tered,Shooter,Arcade
headsnatchers,Headsnatchers,Casual,Indie
hellblade-senuas-sacrifice-vr-edition,Hellblade: Senua's Sacrifice VR Edition,Indie,Adventure
into-the-breach,Into the Breach,Strategy,Indie
regions-of-ruin,Regions Of Ruin,Adventure,Action
darksiders-iii,Darksiders III,Adventure,Action
f1-2018,F1 2018,Racing,Simulation
realm-royale,Realm Royale,Action,none
battlefield-v,Battlefield V,Massively Multiplayer,Shooter
spyro-reignited-trilogy,Spyro Reignited Trilogy,Adventure,Action
europa-2017,Ring of Elysium,Shooter,Massively Multiplayer
moonlighter,Moonlighter,Indie,Adventure
mutant-year-zero-road-to-eden,Mutant Year Zero: Road to Eden,Strategy,Adventure
fallout-76,Fallout 76,Adventure,Action
two-point-hospital,Two Point Hospital,RPG,Simulation
northgard,Northgard,Indie,Strategy
return-of-the-obra-dinn,Return Of The Obra Dinn,Indie,Adventure
horizon-chase-turbo,Horizon Chase Turbo,Racing,Action
surviving-mars,Surviving Mars,Strategy,Simulation
fifa-19,FIFA 19,Simulation,Sports
murderous-pursuits,Murderous Pursuits,Action,RPG
super-smash-bros-ultimate,Super Smash Bros. Ultimate,Fighting,none
cuisine-royale,Cuisine Royale,Massively Multiplayer,Action
graveyard-keeper,Graveyard Keeper,Indie,Adventure
ni-no-kuni-ii-revenant-kingdom,Ni no Kuni II: Revenant Kingdom,Adventure,RPG
acceleration-of-suguri-2,Acceleration of SUGURI 2,Indie,Action
call-of-duty-black-ops-4,Call of Duty: Black Ops 4,Shooter,Action
overcooked-2,Overcooked! 2,Casual,Indie
onrush,Onrush,Racing,Arcade
mark-of-the-ninja-remastered,Mark of the Ninja: Remastered,Platformer,Indie
im-not-a-monster,I’m not a Monster,Strategy,RPG
the-council,The Council,Adventure,Action
call-of-cthulhu-the-official-video-game,Call of Cthulhu,Adventure,Action
dragon-ball-fighterz,DRAGON BALL FighterZ,Action,Fighting
state-of-decay-2,State of Decay 2,Shooter,Action
burnout-paradise-remastered,Burnout Paradise Remastered,Racing,Adventure
pathfinder-kingmaker,Pathfinder: Kingmaker,RPG,none
jurassic-world-evolution-2,Jurassic World Evolution,Strategy,Action
wizard-of-legend,Wizard of Legend,Indie,Adventure
just-cause-4,Just Cause 4,Adventure,Action
minit,Minit,Indie,Adventure
iconoclasts,Iconoclasts,Indie,Platformer
unravel-two,Unravel Two,Platformer,Adventure
shenmue-i-ii,Shenmue I & II,Adventure,Action
soulcalibur-vi,SoulCalibur VI,Action,Fighting
guacamelee-2,Guacamelee! 2,Adventure,Action
kabounce,Kabounce,Indie,Action
divinity-original-sin-ii-definitive-edition,Divinity: Original Sin 2 - Definitive Edition,RPG,none
beat-saber,Beat Saber,Indie,Action
dragon-quest-xi,DRAGON QUEST XI: Echoes of an Elusive Age,RPG,none
shadow-of-the-colossus-2018,Shadow of the Colossus  (2018),Adventure,Action
gwent-thronebreaker,Thronebreaker: The Witcher Tales,Strategy,Adventure
darwin-project-open-beta,Darwin Project - Open Beta,Adventure,Action
yakuza-kiwami-2,Yakuza Kiwami 2,Adventure,Action
final-fantasy-xv-windows-edition,FINAL FANTASY XV WINDOWS EDITION,RPG,none
pillars-of-eternity-ii-deadfire,Pillars of Eternity II: Deadfire,RPG,none
phantom-doctrine,Phantom Doctrine,Strategy,Action
synthetik,SYNTHETIK,Indie,Action
this-is-the-police-2,This Is the Police 2,Indie,Strategy
deep-rock-galactic,Deep Rock Galactic,Indie,Action
qube-2,Q.U.B.E. 2,Indie,Adventure
laser-league,Laser League,Indie,Sports
book-of-demons,Book of Demons,Adventure,Action
we-happy-few,We Happy Few,Indie,Adventure
11-11-memories-retold,11-11 Memories Retold,Casual,Adventure
do-not-feed-the-monkeys,Do Not Feed the Monkeys,Adventure,Puzzle
battletech,BattleTech,Strategy,Adventure
transpose,Transpose,Casual,Action
grip,GRIP: Combat Racing,Racing,Indie
cultist-simulator,Cultist Simulator,Card,Indie
prey-typhon-hunter,Prey: Typhon Hunter,Action,none
prismata,Prismata,Strategy,Indie
yokus-island-express,Yoku's Island Express,Indie,Adventure
barro,Barro,Casual,Racing
ea-sports-ufc-3,EA SPORTS UFC 3,Sports,none
for-the-king,For The King,Indie,Strategy
strange-brigade,Strange Brigade,Adventure,Action
chasm,Chasm,Adventure,Action
ancestors,Ancestors,Strategy,none
evergarden,Evergarden,Indie,Strategy
the-red-strings-club,The Red Strings Club,Indie,Adventure
odysseus-kosmos-and-his-robot-quest-episode-1,Odysseus Kosmos and his Robot Quest - Episode 1,Indie,none
we-were-here-too,We Were Here Too,Casual,Indie
wreckfest,Wreckfest,Racing,Action
dandara,Dandara,Indie,Adventure
farming-simulator-19,Farming Simulator 19,Family,Simulation
deaths-gambit,Death's Gambit,Indie,Action
state-of-mind,State of Mind,Indie,Adventure
wandersong,Wandersong,Indie,Adventure
monster-prom,Monster Prom,Indie,Simulation
tentacle-locker,Tentacle Locker,Indie,Arcade
the-walking-dead-the-final-season,The Walking Dead: The Final Season,Adventure,Action
hunt-showdown,Hunt: Showdown,Shooter,Action
simple-story-alex,Simple Story - Alex,Adventure,none
warhammer-40000-mechanicus,"Warhammer 40,000: Mechanicus",Strategy,none
full-metal-furies,Full Metal Furies,Indie,Adventure
dead-in-vinland,Dead In Vinland,Adventure,RPG
sword-legacy-omen,Sword Legacy Omen,Strategy,Adventure
project-warlock,Project Warlock,Shooter,Indie
the-crew-2,The Crew 2,Racing,Massively Multiplayer
the-banner-saga-3,The Banner Saga 3,Strategy,Indie
the-gardens-between,The Gardens Between,Indie,Adventure
tetris-effect,Tetris Effect,Puzzle,none
donut-county,Donut County,Casual,Indie
the-swords-of-ditto,The Swords of Ditto,Indie,Adventure
fluffy-horde,Fluffy Horde,Strategy,Indie
project-octopath-traveler,Octopath Traveler,Adventure,RPG
symmetry,SYMMETRY,Strategy,Adventure
steel-rats,Steel Rats,Racing,Action
bear-with-me-collectors-edition,Bear With Me - Collector's Edition,Indie,Adventure
soulworker-anime-action-mmo,SoulWorker - Anime Action MMO,Massively Multiplayer,Action
the-adventure-pals,The Adventure Pals,Adventure,Action
yume-nikki,Yume Nikki,Adventure,RPG
nba-2k19-2,NBA 2K19,Action,Simulation
niffelheim,Niffelheim,Adventure,Action
rise-of-industry,Rise of Industry,Strategy,Indie
bloodstained-curse-of-the-moon,Bloodstained: Curse of the Moon,Action,none
fell-seal-arbiters-mark,Fell Seal: Arbiter's Mark,Strategy,Indie
far-lone-sails,FAR: Lone Sails,Indie,Adventure
railway-empire,Railway Empire,Strategy,Simulation
the-bards-tale-trilogy,The Bard's Tale Trilogy,RPG,none
shadows-awakening,Shadows: Awakening,Action,RPG
ashen,Ashen,Adventure,Action
exapunks,EXAPUNKS,Indie,Simulation
mothergunship,Mothergunship,Action,none
60-parsecs,60 Parsecs!,Adventure,RPG
forged-battalion,Forged Battalion,Strategy,Indie
paratopic,Paratopic,Indie,Adventure
slipstream,Slipstream,Casual,Racing
pokemontm-lets-go-pikachu-eevee,"Pokémon: Let's Go, Pikachu!, Eevee!",Strategy,Adventure
dying-light-bad-blood,Dying Light: Bad Blood,Shooter,Action
ball-lab,Ball laB,Indie,none
pc-building-simulator,PC Building Simulator,Strategy,Indie
beholder-2,Beholder 2,Indie,Strategy
stoneshard-prologue,Stoneshard: Prologue,Indie,Adventure
override-mech-city-brawl,Override: Mech City Brawl,Indie,Action
super-daryl-deluxe,Super Daryl Deluxe,Indie,Action
dusk,DUSK,Indie,Action
a-case-of-distrust,A Case of Distrust,Indie,Adventure
deep-sky-derelicts,Deep Sky Derelicts,Strategy,Indie
purrfect-date,Purrfect Date,Adventure,RPG
kenshi,Kenshi,Action,RPG
the-shapeshifting-detective,The Shapeshifting Detective,Indie,Adventure
house-flipper,House Flipper,Indie,Adventure
planet-alpha,PLANET ALPHA,Indie,Platformer
friday-the-13th-killer-puzzle,Friday the 13th: Killer Puzzle,Casual,Strategy
pool-panic,Pool Panic,Adventure,Action
ghost-of-a-tale,Ghost of a Tale,Indie,Adventure
lethal-league-blaze,Lethal League Blaze,Indie,Action
underhero,Underhero,Indie,Adventure
nairi-tower-of-shirin,NAIRI: Tower of Shirin,Indie,Adventure
radical-heights,Radical Heights,Massively Multiplayer,Adventure
maplestory-2,MapleStory 2,Adventure,Action
maries-room,Marie's Room,Casual,Indie
the-hex,The Hex,Indie,none
i-saw-her-standing-there,i saw her standing there,Adventure,Action
the-messenger-2018,The Messenger (2018),Adventure,Action
insurgency-sandstorm,Insurgency: Sandstorm,Shooter,Action
swords-and-soldiers-2-shawarmageddon,Swords and Soldiers 2 Shawarmageddon,Strategy,Indie
warhammer-40000-gladius-relics-of-war,"Warhammer 40,000: Gladius - Relics of War",Strategy,none
agony,Agony,Indie,Adventure
puss,PUSS!,Indie,Adventure
monster-energy-supercross-the-official-videogame,Monster Energy Supercross - The Official Videogame,Racing,Simulation
astro-bot-rescue-mission,Astro Bot: Rescue Mission,Adventure,none
below,Below,Indie,Adventure
pro-evolution-soccer-2019,PRO EVOLUTION SOCCER 2019,Simulation,Sports
warhammer-40000-inquisitor-martyr,"Warhammer 40,000: Inquisitor - Martyr",Indie,Adventure
forgotton-anne,Forgotton Anne,Casual,Indie
pummel-party,Pummel Party,Casual,Indie
super-mario-party,Super Mario Party,Family,Board Games
atom-rpg-post-apocalyptic-indie-game,ATOM RPG: Post-apocalyptic indie game,RPG,none
cube-escape-paradox,Cube Escape: Paradox,Indie,Adventure
rusty-lake-paradise,Rusty Lake Paradise,Indie,Adventure
breathedge,Breathedge,Indie,Adventure
the-kings-bird,The King's Bird,Indie,Action
frantics,Frantics,Casual,Arcade
valkyria-chronicles-4,Valkyria Chronicles 4,Strategy,Action
avernum-3-ruined-world,Avernum 3: Ruined World,Indie,Strategy
florence,Florence,Adventure,Puzzle
the-spiral-scouts,The Spiral Scouts,Indie,Adventure
ash-of-gods,Ash of Gods,Adventure,Action
boundless,Boundless,Adventure,Action
katamari-damacy-reroll,Katamari Damacy REROLL,Casual,Action
artifact,Artifact,Strategy,none
battlerite-royale,Battlerite Royale,Massively Multiplayer,Action
crossing-souls,Crossing Souls,Indie,Adventure
while-true-learn,while True: learn(),Educational,Indie
fe,Fe,Adventure,Action
chuchel,Chuchel,Casual,Family
where-the-water-tastes-like-wine,Where the Water Tastes Like Wine,Indie,Adventure
castlevania-requiem-symphony-of-the-night-rondo-of,Castlevania Requiem: Symphony of the Night & Rondo of Blood,Action,none
orwell-ignorance-is-strength,Orwell: Ignorance is Strength,Indie,Adventure
russian-fishing-4,Russian Fishing 4,Adventure,RPG
lego-dc-super-villains,LEGO DC Super-Villains,Family,Adventure
defiance-2050,Defiance 2050,Massively Multiplayer,Adventure
age-of-empires-definitive-edition,Age of Empires: Definitive Edition,Strategy,none
moss,Moss,Indie,Platformer
ea-sports-nhl-19,EA SPORTS NHL 19,Action,Sports
hellbound-survival-mode,Hellbound: Survival Mode,Indie,Action
sword-art-online-fatal-bullet,SWORD ART ONLINE: Fatal Bullet,Shooter,Action
forza-street,Forza Street,Racing,Sports
mega-man-11,Mega Man 11,Platformer,Action
metal-gear-survive,Metal Gear Survive,Strategy,Shooter
deathgarden,Deathgarden,Shooter,Action
scum,SCUM,Massively Multiplayer,Adventure
hello-neighbor-hide-and-seek,Hello Neighbor Hide and Seek,Adventure,Action
the-jackbox-party-pack-5,The Jackbox Party Pack 5,Casual,none
fortune-499,Fortune-499,Strategy,Indie
innerspace,InnerSpace,Indie,Adventure
bloons-td-6,Bloons TD 6,Strategy,Action
basingstoke,Basingstoke,Indie,Adventure
the-raven-remastered,The Raven Remastered,Adventure,none
muse-dash,Muse Dash,Casual,Indie
deltarune,Deltarune (Chapter 1),Adventure,RPG
party-hard-2,Party Hard 2,Adventure,Action
rogue-aces,Rogue Aces,Arcade,Action
ion-fury,Ion Fury,Shooter,Indie
green-hell,Green Hell,Indie,Simulation
distraint-2,DISTRAINT 2,Casual,Indie
city-of-brass,City of Brass,Indie,Action
crying-suns,Crying Suns,Strategy,Indie
mudrunner,MudRunner,Simulation,none
synthetik-arena,SYNTHETIK: Arena,Indie,Action
ultimate-custom-night,Ultimate Custom Night,Strategy,Indie
framed-collection,FRAMED Collection,Casual,Indie
space-hulk-deathwing-enhanced-edition,Space Hulk: Deathwing - Enhanced Edition,Adventure,Action
tsioque,TSIOQUE,Casual,Indie
verlet-swing,Verlet Swing,Indie,Action
door-kickers-action-squad,Door Kickers: Action Squad,Indie,Adventure
assassins-creed-rogue-remastered-2,Assassin’s Creed Rogue Remastered,Adventure,Action
love-letter,Love Letter,Strategy,Puzzle
kingdom-two-crowns,Kingdom: Two Crowns,Adventure,RPG
adventure-time-and-crayola-scoot,Adventure Time: Pirates of the Enchiridion,Adventure,none
conquerors-blade,Conqueror's Blade,Strategy,Massively Multiplayer
zoo-tycoon-ultimate-animal-collection,Zoo Tycoon: Ultimate Animal Collection,Simulation,none
remothered-tormented-fathers,Remothered: Tormented Fathers,Indie,Adventure
smoke-and-sacrifice,Smoke And Sacrifice,Indie,Adventure
scythe-digital-edition,Scythe: Digital Edition,Strategy,Board Games
street-fighter-30th-anniversary-collection,Street Fighter 30th Anniversary Collection,Action,Fighting
mega-man-x-legacy-collection,Mega Man X Legacy Collection,Action,none
mario-tennis-aces,Mario Tennis Aces,Arcade,Sports
wwe-2k19,WWE 2K19,Simulation,Sports
reigns-game-of-thrones,Reigns: Game of Thrones,Card,Adventure
death-coming,Death Coming,Adventure,RPG
touhou-luna-nights,Touhou Luna Nights,Indie,Adventure
persona-5-dancing-in-starlight,Persona 5: Dancing in Starlight,Action,none
football-manager-2019,Football Manager 2019,Simulation,Sports
varenje,Varenje,Casual,Indie
madden-nfl-19,Madden NFL 19,Action,Simulation
king-and-assassins,King and Assassins: The Board Game,Strategy,Board Games
omensight,Omensight,Indie,Adventure
the-haunted-island-a-frog-detective-game,"The Haunted Island, a Frog Detective Game",Indie,Adventure
dynasty-warriors-9-zhen-san-guo-wu-shuang-8,DYNASTY WARRIORS 9 真・三國無双８,Action,none
mu-legend,MU Legend,Massively Multiplayer,Adventure
timespinner,Timespinner,Indie,Adventure
v-rally-4,V-Rally 4,Racing,none
just-dance-2019,Just Dance 2019,Casual,Family
blood-bowl-death-zone,Blood Bowl: Death Zone,Strategy,Sports
guns-gore-and-cannoli-2,"Guns, Gore and Cannoli 2",Adventure,Action
7-billion-humans,7 Billion Humans,Educational,Indie
tesla-vs-lovecraft,Tesla vs Lovecraft,Casual,Shooter
youropa,Youropa,Indie,Adventure
naruto-to-boruto-shinobi-striker,NARUTO TO BORUTO: SHINOBI STRIKER,Action,none
lego-the-incredibles,LEGO The Incredibles,Adventure,Action
super-mega-baseball-2,Super Mega Baseball 2,Casual,Indie
atlas-3,Atlas,Massively Multiplayer,Adventure
nba-2k19,NBA LIVE 19,Simulation,Sports
fractured-minds,Fractured Minds,Indie,Adventure
next-up-hero,Next Up Hero,Action,RPG
xenoblade-chronicles-2-torna-the-golden-country,Xenoblade Chronicles 2: Torna ~ The Golden Country,RPG,none
blade-runner-9732,Blade Runner 9732,Casual,Indie
budget-cuts,Budget Cuts,Indie,Adventure
octahedron,Octahedron,Indie,Action
sinner-sacrifice-for-redemption,SINNER: Sacrifice for Redemption,Indie,Adventure
super-inefficient-golf,Super Inefficient Golf,Casual,Indie
my-memory-of-us,My Memory of Us,Adventure,Action
creative-destruction,Creative Destruction,Casual,Massively Multiplayer
thief-simulator,Thief Simulator,Indie,Adventure
persona-3-dancing-in-moonlight,Persona 3: Dancing in Moonlight,Casual,none
428-shibuya-scramble,428: Shibuya Scramble,Adventure,none
hentai-girl,Hentai Girl,Casual,Indie
earthfall,Earthfall,Shooter,Action
kirby-star-allies,Kirby: Star Allies,Platformer,none
soulblight,Soulblight,Indie,Action
knowledge-is-power-decades,Knowledge is Power: Decades,Strategy,none
coloring-pixels,Coloring Pixels,Casual,Indie
mindustry,Mindustry,Strategy,Action
islands-of-nyne-battle-royale,ISLANDS OF NYNE: BATTLE ROYALE,Shooter,Indie
unavowed,Unavowed,Indie,Adventure
iratus-lord-of-the-dead,Iratus: Lord of the Dead,Strategy,Indie
total-war-saga-thrones-of-britannia,Total War Saga: Thrones of Britannia,Strategy,Action
meteor-60-seconds,Meteor 60 Seconds!,Casual,Indie
tai-wu-hui-juan,太吾绘卷,Adventure,RPG
monster-boy-and-the-cursed-kingdom,Monster Boy and the Cursed Kingdom,Indie,Platformer
starlink-battle-for-atlas-2,Starlink: Battle for Atlas,Adventure,Action
dissidia-final-fantasy-nt-open-beta-test,DISSIDIA FINAL FANTASY NT,Action,Fighting
steinsgate-elite,STEINS;GATE ELITE,Adventure,none
aimtastic,Aimtastic,Indie,Action
bombtag,BombTag,Casual,Indie
zup-x,Zup! X,Casual,Indie
equilinox,Equilinox,Casual,Strategy
creed-rise-to-glory,Creed: Rise to Glory,Action,Simulation
doka-2-kishki-edition,DOKA 2 KISHKI EDITION,Adventure,Action
shooty-skies,Shooty Skies,Indie,Action
nba-2k-playgrounds-2,NBA 2K Playgrounds 2,Sports,none
treadnauts,Treadnauts,Casual,Indie
150000-bc,"150,000 B.C.",Casual,Indie
underworld-ascendant,Underworld Ascendant,Indie,Action
fantasy-strike,Fantasy Strike,Indie,Action
deployment,Deployment,Shooter,Action
fear-effect-sedna,Fear Effect Sedna,Strategy,Action
game-dev-studio,Game Dev Studio,Casual,Strategy
speed-brawl,Speed Brawl,Racing,Indie
football-manager-touch-2019,Football Manager Touch 2019,Simulation,Sports
kovaaks-fps-aim-trainer,KovaaK's FPS Aim Trainer,Indie,Action
assetto-corsa-competizione,Assetto Corsa Competizione,Racing,Simulation
cliff-empire,Cliff Empire,Strategy,Indie
suicide-guy-sleepin-deeply,Suicide Guy: Sleepin' Deeply,Indie,Adventure
world-of-warcraft-battle-for-azeroth,World of Warcraft: Battle for Azeroth,Massively Multiplayer,RPG
the-long-reach,The Long Reach,Indie,Adventure
star-control-origins-2017,Star Control: Origins,Adventure,Action
destiny-2-forsaken-complete-collection,Destiny 2: Forsaken,Massively Multiplayer,Shooter
attack-on-titan-2,Attack on Titan 2,Action,none
please-close-the-doors,Please close the doors,Indie,none
the-missing-jj-macfield-and-the-island-of-memories,The MISSING: J.J. Macfield and the Island of Memories,Indie,Adventure
russia-battlegrounds,RUSSIA BATTLEGROUNDS,Adventure,Action
final-fantasy-xv-multiplayer-comrades,FINAL FANTASY XV MULTIPLAYER: COMRADES,none,none
rad-rodgers,Rad Rodgers,Indie,Adventure
pokemon-quest,Pokémon Quest,Action,RPG
slayone,Slay.one,Action,none
hentai-girl-linda,Hentai Girl Linda,Casual,Indie
hokuto-ga-gotoku,Fist of The North Star: Lost Paradise,Adventure,Action
project-hospital,Project Hospital,Strategy,Indie
countryballs-over-the-world,Countryballs: Over The World,Indie,Adventure
immortal-unchained,Immortal: Unchained,Adventure,Action
game-builder,Game Builder,Indie,Simulation
farm-together,Farm Together,Casual,Indie
achievements-printer-part-1,Achievements printer part 1,Casual,Indie
insomnia-the-ark,INSOMNIA: The Ark,Action,RPG
dong-fang-da-zhan-zheng-touhou-big-big-battle,东方大战争 ~ Touhou Big Big Battle,Casual,Strategy
pubg-mobile,PUBG Mobile,Shooter,Massively Multiplayer
boobs-saga,Boobs Saga,Massively Multiplayer,Adventure
cat-burglar-a-tail-of-purrsuit,Cat Burglar: A Tail of Purrsuit,Adventure,Action
nba-2k19-the-prelude,NBA 2K19: The Prelude,none,none
impulsion,Impulsion,Indie,Action
freaky-awesome,Freaky Awesome,Adventure,Action
fear-the-wolves,Fear The Wolves,Massively Multiplayer,Adventure
terraforming-mars,Terraforming Mars,Strategy,Board Games
my-brother-rabbit,My Brother Rabbit,Casual,Indie
hentai-girl-betty,Hentai Girl Betty,Casual,Indie
protocol,Protocol,Indie,Adventure
sacrifice-dungeon,Sacrifice Dungeon,Adventure,Action
outpost-zero,Outpost Zero,Indie,Adventure
clatter,Clatter,Strategy,Indie
zombiethon,ZombieThon,Casual,Indie
hive-altenum-wars,HIVE: Altenum Wars,Indie,Action
marco-polo,Marco Polo,Strategy,Adventure
zimbo,Zimbo,Racing,Adventure
altos-odyssey,Alto's Odyssey,Arcade,Action
my-hero-ones-justice,My Hero One’s Justice,Action,Fighting
pixark,PixARK,Adventure,Action
mars-or-die,Mars or Die!,Strategy,Indie
mega-man-x-legacy-collection-2,Mega Man X Legacy Collection 2,Action,none
nalogi,NALOGI,Adventure,RPG
beckett,Beckett,Indie,Adventure
little-adventurer-iii,Little Adventurer III,Casual,Indie
under-night-in-birth-exelatest,Under Night In-Birth Exe:Late[st],Action,none
mrjezko,Mr.Jezko,Casual,Indie
hostage-rescue-mission,Hostage: Rescue Mission,Strategy,Action
maelstrom-2018,Maelstrom (2018),Action,Strategy
the-crown-of-leaves,The Crown of Leaves,Indie,Adventure
music-racer,Music Racer,Racing,Action
snk-40th-anniversary-collection,SNK 40th ANNIVERSARY COLLECTION,Arcade,Action
gift-of-parthax,Gift of Parthax,Indie,Adventure
the-world-ends-with-you-final-remix,The World Ends with You: Final Remix,Adventure,Action
prey-mooncrash,Prey - Mooncrash,Adventure,Action
minimax-tinyverse,MINImax Tinyverse,Strategy,Indie
the-mirror-lied,The Mirror Lied,Indie,Adventure
icons-combat-arena,Icons: Combat Arena,Indie,none
gray-dawn,Gray Dawn,Indie,Adventure
fog-of-war-free-edition,Fog Of War - Free Edition,Strategy,Massively Multiplayer
cube-the-jumper,Cube - The Jumper,Casual,Indie
edge-of-eternity,Edge of Eternity,Adventure,Action
oh-my-god-look-at-this-knight,"OH MY GOD, LOOK AT THIS KNIGHT",Indie,Adventure
just-shapes-beats,Just Shapes & Beats,Family,Indie
super-seducer,Super Seducer,Casual,Adventure
hangover,Hangover,Casual,Indie
treasures-of-the-ancients-egypt,Treasures of the Ancients: Egypt,Casual,Indie
star-wars-episode-i-racer-2,STAR WARS Episode I Racer,Racing,Action
onmyoji,Onmyoji,Strategy,Adventure
glass-masquerade-2-illusions,Glass Masquerade 2: Illusions,Casual,Indie
squidlit,Squidlit,Indie,Adventure
jack-n-jill-dx,Jack N' Jill DX,Casual,Indie
slap-city,Slap City,Indie,Action
world-war-3,World War 3,Shooter,Action
win-the-game-do-it,WIN THE GAME: DO IT!,Casual,Indie
masters-of-anima,Masters of Anima,Strategy,Adventure
little-witch-academia-chamber-of-time,Little Witch Academia: Chamber of Time,Adventure,Action
the-fall-part-2-unbound,The Fall Part 2: Unbound,Indie,Adventure
epic-roller-coasters,Epic Roller Coasters,Casual,Indie
vr-paradise,VR Paradise,Indie,Simulation
shoottera,Shoottera,Indie,Adventure
pro-evolution-soccer-2019-lite,PRO EVOLUTION SOCCER 2019 LITE,Sports,none
lovecrafts-untold-stories,Lovecraft's Untold Stories,Indie,Adventure
tiger-knight,Tiger Knight,Strategy,Massively Multiplayer
double-kick-heroes,Double Kick Heroes,Indie,Action
quantum-replica,Quantum Replica,Indie,Action
x4-foundations,X4: Foundations,Action,Simulation
warlords-awakening,Warlords Awakening,Massively Multiplayer,Adventure
splatoon-2-octo-expansion,Splatoon 2: Octo Expansion,Shooter,Action
vikings-drakkars,Viking's drakkars,Casual,Racing
mana-spark,Mana Spark,Indie,Action
fantasy-versus,Fantasy Versus,Adventure,Action
ironsight,Ironsight,Shooter,Action
god-vs-zombies,God Vs Zombies,Strategy,Indie
dead-ground,Dead Ground,Strategy,Indie
zup-8,Zup! 8,Casual,Indie
lumines-remastered,Lumines Remastered,Casual,Indie
where-time-stood-still,Where Time Stood Still,Strategy,Adventure
psychiatrist-simulator,Psychiatrist Simulator,Indie,Simulation
zup-s,Zup! S,Casual,Indie
central-intelligence,Central Intelligence,Strategy,Action
sleepwalker-2018,Sleepwalker (2018),Strategy,Adventure
transference,Transference,Indie,Adventure
the-prison-experiment-battle-royale,The Prison Experiment: Battle Royale,Indie,Shooter
learn-japanese-to-survive-kanji-combat,Learn Japanese To Survive! Kanji Combat,Educational,Adventure
banner-saga-trilogy,Banner Saga Trilogy,Adventure,Action
jack-n-jill-dx-2,Jack N’ Jill DX,Casual,Action
coffee-crisis,Coffee Crisis,Indie,Action
the-bards-tale-iv-barrows-deep,The Bard's Tale IV: Barrows Deep,RPG,none
future-proof,Future Proof,Indie,Adventure
paperbark,Paperbark,Casual,Family
thief-of-thieves-season-one,Thief of Thieves: Season One,Indie,Adventure
hyrule-warriors-definitive-edition,Hyrule Warriors: Definitive Edition,Action,none
blazblue-cross-tag-battle,BlazBlue: Cross Tag Battle,Action,Fighting
indecision,Indecision.,Indie,Adventure
leisure-suit-larry-wet-dreams-dont-dry,Leisure Suit Larry - Wet Dreams Don't Dry,Adventure,none
sprint-vector,Sprint Vector,Racing,Indie
megaquarium,Megaquarium,Strategy,Indie
tennis-world-tour,Tennis World Tour,Simulation,Sports
shape-of-the-world,Shape of the World,Adventure,Action
the-25th-ward-the-silver-case,The 25th Ward: The Silver Case,Adventure,none
super-destronaut-dx,Super Destronaut DX,Indie,Action
star-advent,Star Advent,Indie,Adventure
earth-defense-force-5,Earth Defense Force 5,Action,none
shining-resonance-refrain,Shining Resonance Refrain,Adventure,RPG
win-the-game,WIN THE GAME!,Casual,Indie
dyo,DYO,Indie,none
midnight-deluxe,Midnight Deluxe,Platformer,none
mlb-the-show-18,MLB The Show 18,Sports,none
armored-evolution,Armored Evolution,Casual,Indie
puzzle-pirates-dark-seas,Puzzle Pirates: Dark Seas,Massively Multiplayer,Adventure
poultry-panic,Poultry Panic,Casual,Strategy
freeman-guerrilla-warfare,Freeman: Guerrilla Warfare,Strategy,Indie
golden-dungeons,Golden Dungeons,Casual,Indie
precision-archery-competitive,Precision Archery: Competitive,Action,Simulation
asterix-obelix-xxl-2,Asterix & Obelix XXL 2,Adventure,Action
gloom-digital-edition,Gloom: Digital Edition,Card,Strategy
the-friends-of-ringo-ishikawa,The friends of Ringo Ishikawa,Indie,Adventure
tt-isle-of-man,TT Isle of Man,Racing,Simulation
owen-to-have-fun,Owen to have fun!,Casual,Indie
magic-the-gathering-arena,Magic: The Gathering Arena,Card,Board Games
the-spectrum-retreat,The Spectrum Retreat,Indie,Strategy
warriors-orochi-4,WARRIORS OROCHI 4,Action,none
snares-of-ruin,Snares of Ruin,Indie,RPG
standoff-2,Standoff 2,Adventure,Action
inksplosion,InkSplosion,Indie,Action
runner3,Runner3,Platformer,Indie
the-flood,The Flood,Casual,Indie
slayer-of-traitors,Slayer Of Traitors,Indie,Action
brawl-stars,Brawl Stars,Casual,Arcade
earthworms,Earthworms,Casual,Indie
overkills-the-walking-dead,OVERKILL's The Walking Dead,Action,none
stayin-alive,Stayin' Alive,Casual,Indie
welcome-to-light-fields,Welcome to Light Fields,Casual,none
bladed-fury,Bladed Fury,Indie,Adventure
the-best-of-magicats,The Best Of MagiCats,Indie,Adventure
switchblade-2018,Switchblade (2018),Adventure,Action
space-hulk-tactics,Space Hulk: Tactics,Strategy,none
gravel,Gravel,Racing,Arcade
perfect-heist,Perfect Heist,Strategy,Indie
ready-player-one-oasis-beta,Ready Player One: OASIS beta,Adventure,Action
unforeseen-incidents,Unforeseen Incidents,Indie,Adventure
trials-of-the-gauntlet,Trials of the Gauntlet,Indie,none
shantae-half-genie-hero-ultimate-edition,Shantae: Half-Genie Hero Ultimate Edition,Indie,Platformer
storm-boy,Storm Boy,Casual,Family
call-of-bitcoin,Call of Bitcoin,Casual,Indie
one-step-from-eden,One Step From Eden,Indie,Strategy
fox-hime-zero,Fox Hime Zero,Indie,Adventure
lynne,Lynne,Indie,Simulation
marble-run-2d,Marble Run 2D,Indie,Simulation
flipping-death,Flipping Death,Indie,Adventure
